time,prediction_error,prediction_rmse,control_error,control_rmse,base_error_ratio,energy_consumption,reward,platform_x,platform_y,platform_z,platform_roll,platform_pitch,platform_yaw,robot_x,robot_y,robot_z,robot_roll,robot_pitch,robot_yaw,predicted_platform_x,predicted_platform_y,predicted_platform_z,predicted_platform_roll,predicted_platform_pitch,predicted_platform_yaw
50.1,0.0,,0.618561863899231,0.7520734645286588,115.25254821777344,947.0555622049629,-0.1280377209186554,-0.8890628814697266,0.12105751037597656,-1.214141845703125,0.005299761425703764,0.0027301711961627007,-0.009827274829149246,-2.494943618774414,0.8245596885681152,-1.2451388835906982,0.10659416019916534,0.025391696020960808,-0.18532714247703552,-0.8890628814697266,0.12105751037597656,-1.214141845703125,0.005299761425703764,0.0027301711961627007,-0.009827274829149246
50.2,0.0,,0.6492599248886108,0.7506612430709123,145.3460235595703,946.9505777064093,-0.1294322907924652,-0.34130096435546875,-0.10845470428466797,-1.2989273071289062,0.004302092827856541,0.0023312598932534456,-0.010388410650193691,-2.0468740463256836,0.6317421793937683,-1.343315601348877,0.11021406948566437,0.023376908153295517,-0.18027475476264954,-0.34130096435546875,-0.10845470428466797,-1.2989273071289062,0.004302092827856541,0.0023312598932534456,-0.010388410650193691
50.300000000000004,0.0,,0.6516441106796265,0.749383954283581,189.5408935546875,946.8818515784591,-0.12232396006584167,0.22389507293701172,-0.32991790771484375,-1.3758926391601562,0.0032425159588456154,0.0018287047278136015,-0.010738572105765343,-1.5341808795928955,0.4091922640800476,-1.4275338649749756,0.14104120433330536,0.020627476274967194,-0.12282165884971619,0.22389507293701172,-0.32991790771484375,-1.3758926391601562,0.0032425159588456154,0.0018287047278136015,-0.010738572105765343
50.4,0.0,,0.6493250131607056,0.747811990002168,288.57275390625,946.7797941029563,-0.11796043813228607,0.7935018539428711,-0.547088623046875,-1.4444808959960938,0.002138587413355708,0.001237542717717588,-0.01086236722767353,-1.021361231803894,0.1916321963071823,-1.5064369440078735,0.1054655909538269,0.025237232446670532,-0.11829084157943726,0.7935018539428711,-0.547088623046875,-1.4444808959960938,0.002138587413355708,0.001237542717717588,-0.01086236722767353
50.5,0.0,,0.6460262537002563,0.7461277905444459,640.37109375,946.6782821980033,-0.11188210546970367,1.374617576599121,-0.7599811553955078,-1.5040206909179688,0.0009677220950834453,0.0005521490820683539,-0.01074968185275793,-0.45900672674179077,-0.02745230495929718,-1.576897382736206,0.06974990665912628,0.028091605752706528,-0.06751234829425812,1.374617576599121,-0.7599811553955078,-1.5040206909179688,0.0009677220950834453,0.0005521490820683539,-0.01074968185275793
50.6,0.0,,0.6317507028579712,0.7446618889600947,1840.1671142578125,946.5722628795967,-0.10573311895132065,1.9494342803955078,-0.9569082260131836,-1.5538864135742188,-0.000273870857199654,-0.00022351999359671026,-0.01039070449769497,0.14178051054477692,-0.2665552496910095,-1.633004903793335,0.018088333308696747,0.024122124537825584,0.021752141416072845,1.9494342803955078,-0.9569082260131836,-1.5538864135742188,-0.000273870857199654,-0.00022351999359671026,-0.01039070449769497
50.7,0.0,,0.6388145089149475,0.7433584818485325,348.49609375,946.4415172464277,-0.10666119307279587,2.516176223754883,-1.140838623046875,-1.5936203002929688,-0.0016054136212915182,-0.0010980817023664713,-0.009755497798323631,0.7093498706817627,-0.47829538583755493,-1.6842647790908813,0.03513500839471817,0.02234027534723282,-0.012368248775601387,2.516176223754883,-1.140838623046875,-1.5936203002929688,-0.0016054136212915182,-0.0010980817023664713,-0.009755497798323631
50.800000000000004,0.0,,0.6509112119674683,0.7418080084022967,191.8963623046875,946.3279756993494,-0.10148495435714722,3.0677528381347656,-1.3078670501708984,-1.62274169921875,-0.0029738012235611677,-0.002029002644121647,-0.008853645995259285,1.249836802482605,-0.6782578825950623,-1.7289748191833496,0.049302563071250916,0.023191723972558975,-0.011792049743235111,3.0677528381347656,-1.3078670501708984,-1.62274169921875,-0.0029738012235611677,-0.002029002644121647,-0.008853645995259285
50.9,0.0,,0.6706783771514893,0.7403578181759343,139.26119995117188,946.2203498515647,-0.094580739736557,3.5996532440185547,-1.4531688690185547,-1.6407470703125,-0.004383743274956942,-0.0030105262994766235,-0.007676623295992613,1.7966225147247314,-0.8699132204055786,-1.764658808708191,0.027595434337854385,0.027330439537763596,-0.03967104107141495,3.5996532440185547,-1.4531688690185547,-1.6407470703125,-0.004383743274956942,-0.0030105262994766235,-0.007676623295992613
51.0,0.0,,0.6920247673988342,0.7391381191167684,103.12141418457031,946.0562327800889,-0.09137982130050659,4.104047775268555,-1.5767478942871094,-1.6473846435546875,-0.005823266692459583,-0.0040255356580019,-0.0062285433523356915,2.396481990814209,-1.0611889362335205,-1.7758666276931763,0.06412370502948761,0.030137084424495697,-0.06937271356582642,4.104047775268555,-1.5767478942871094,-1.6473846435546875,-0.005823266692459583,-0.0040255356580019,-0.0062285433523356915
51.1,0.0,,0.6032981872558594,0.7379727247518268,72.71044921875,945.8940326030338,-0.08371864259243011,4.576543807983398,-1.6763181686401367,-1.642333984375,-0.007279560901224613,-0.005059187766164541,-0.004517959430813789,3.0183305740356445,-1.2423803806304932,-1.7695822715759277,0.05075455456972122,0.018144814297556877,-0.08310715854167938,4.576543807983398,-1.6763181686401367,-1.642333984375,-0.007279560901224613,-0.005059187766164541,-0.004517959430813789
51.2,0.0,,0.6029353141784668,0.7368637037111168,63.19200897216797,945.7459360043058,-0.08286655694246292,5.0098676681518555,-1.7480459213256836,-1.625396728515625,-0.008752887137234211,-0.006105552893131971,-0.002540057757869363,3.457324981689453,-1.3582429885864258,-1.774659276008606,0.06404351443052292,0.026247985661029816,-0.11483115702867508,5.0098676681518555,-1.7480459213256836,-1.625396728515625,-0.008752887137234211,-0.006105552893131971,-0.002540057757869363
51.300000000000004,0.0,,0.6259709000587463,0.7358062463494145,54.48133087158203,945.5716963424792,-0.08139806240797043,5.397307395935059,-1.7957725524902344,-1.5966110229492188,-0.010179959237575531,-0.0071134380996227264,-0.00038666834007017314,3.9476306438446045,-1.4811363220214844,-1.7553316354751587,0.04949616268277168,0.03171035647392273,-0.1327027827501297,5.397307395935059,-1.7957725524902344,-1.5966110229492188,-0.010179959237575531,-0.0071134380996227264,-0.00038666834007017314
51.4,0.0,,0.6528580188751221,0.7346952263293052,50.75852966308594,945.3941602221414,-0.08348170667886734,5.734382629394531,-1.819697380065918,-1.5559616088867188,-0.011586864478886127,-0.008095786906778812,0.0019720997661352158,4.377769470214844,-1.5627086162567139,-1.7311196327209473,0.030346374958753586,0.03987712413072586,-0.21799629926681519,5.734382629394531,-1.819697380065918,-1.5559616088867188,-0.011586864478886127,-0.008095786906778812,0.0019720997661352158
51.5,0.0,,0.6047108769416809,0.7336238886793731,41.607574462890625,945.204212588981,-0.07629470527172089,6.016173362731934,-1.8179082870483398,-1.5034942626953125,-0.01291766669601202,-0.00900872889906168,0.0044285207986831665,4.862400054931641,-1.6567505598068237,-1.6759772300720215,0.0611548125743866,0.04240861162543297,-0.17190158367156982,6.016173362731934,-1.8179082870483398,-1.5034942626953125,-0.01291766669601202,-0.00900872889906168,0.0044285207986831665
51.6,0.0,,0.613761305809021,0.7325657762967448,39.77973175048828,945.0216830589036,-0.08041943609714508,6.2390241622924805,-1.794306755065918,-1.4394683837890625,-0.014163571409881115,-0.009842931292951107,0.00694684823974967,5.181760787963867,-1.6856353282928467,-1.6292824745178223,0.02961711585521698,0.047579728066921234,-0.15554237365722656,6.2390241622924805,-1.794306755065918,-1.4394683837890625,-0.014163571409881115,-0.009842931292951107,0.00694684823974967
51.7,0.0,,0.6749825477600098,0.7322118967655705,38.53548812866211,944.8787488496287,-0.0850551575422287,6.396038055419922,-1.7519521713256836,-1.3640823364257812,-0.0152969341725111,-0.010575002059340477,0.009447996504604816,5.506386756896973,-1.7069213390350342,-1.5638947486877441,0.007439911365509033,0.05184720456600189,-0.179039865732193,6.396038055419922,-1.7519521713256836,-1.3640823364257812,-0.0152969341725111,-0.010575002059340477,0.009447996504604816
51.800000000000004,0.0,,0.6520812511444092,0.7320930468778873,36.20343017578125,944.727201548195,-0.08759477734565735,6.485838890075684,-1.6927051544189453,-1.2776336669921875,-0.016299491748213768,-0.011190488003194332,0.011873198673129082,5.7816619873046875,-1.7199437618255615,-1.4842119216918945,-0.04934338480234146,0.05298563465476036,-0.13250941038131714,6.485838890075684,-1.6927051544189453,-1.2776336669921875,-0.016299491748213768,-0.011190488003194332,0.011873198673129082
51.9,0.0,,0.6712826490402222,0.7319845155328294,36.61539077758789,944.6243651134256,-0.09004716575145721,6.505434036254883,-1.6166915893554688,-1.1804733276367188,-0.01714606210589409,-0.011671327985823154,0.01414041593670845,5.9654860496521,-1.693845510482788,-1.4031956195831299,-0.04846049100160599,0.05757518112659454,-0.13396039605140686,6.505434036254883,-1.6166915893554688,-1.1804733276367188,-0.01714606210589409,-0.011671327985823154,0.01414041593670845
52.0,0.0,,0.6958119869232178,0.7319349144292027,35.73772430419922,944.5558086366832,-0.09560973942279816,6.453219413757324,-1.5305938720703125,-1.0732498168945312,-0.017821719869971275,-0.012005990371108055,0.016191676259040833,6.119753837585449,-1.653630018234253,-1.299485445022583,-0.059266943484544754,0.05923985689878464,-0.08326703310012817,6.453219413757324,-1.5305938720703125,-1.0732498168945312,-0.017821719869971275,-0.012005990371108055,0.016191676259040833
52.1,0.0,,0.6897482872009277,0.7318347165923393,34.844112396240234,944.5262249188731,-0.10380961000919342,6.327203750610352,-1.4339628219604492,-0.9564285278320312,-0.018316341564059258,-0.012187691405415535,0.01799401082098484,6.202012062072754,-1.591496229171753,-1.1861774921417236,-0.08698490262031555,0.0579051747918129,-0.040974583476781845,6.327203750610352,-1.4339628219604492,-0.9564285278320312,-0.018316341564059258,-0.012187691405415535,0.01799401082098484
52.2,0.0,,0.7124335169792175,0.7317382530824296,35.643836975097656,944.5752516983166,-0.10913179069757462,6.127494812011719,-1.3331050872802734,-0.8306503295898438,-0.018610646948218346,-0.012207654304802418,0.019470641389489174,6.221457481384277,-1.5283722877502441,-1.0670520067214966,-0.08151772618293762,0.053621549159288406,-0.026967206969857216,6.127494812011719,-1.3331050872802734,-0.8306503295898438,-0.018610646948218346,-0.012207654304802418,0.019470641389489174
52.300000000000004,0.0,,0.7210296988487244,0.7319292261082675,36.28890609741211,944.6488368029985,-0.11116688698530197,5.85617733001709,-1.219283103942871,-0.6967086791992188,-0.018702199682593346,-0.012060826644301414,0.02061126008629799,6.1620330810546875,-1.451770305633545,-0.9334810972213745,-0.10165907442569733,0.050357475876808167,0.008227415382862091,5.85617733001709,-1.219283103942871,-0.6967086791992188,-0.018702199682593346,-0.012060826644301414,0.02061126008629799
52.4,0.0,,0.7434588670730591,0.7323630347435256,37.09846496582031,944.751070579911,-0.11466361582279205,5.512789726257324,-1.1030645370483398,-0.5554656982421875,-0.018588287755846977,-0.011753907427191734,0.021369578316807747,6.016560077667236,-1.357689619064331,-0.7912371754646301,-0.08608467131853104,0.04940139129757881,0.09161877632141113,5.512789726257324,-1.1030645370483398,-0.5554656982421875,-0.018588287755846977,-0.011753907427191734,0.021369578316807747
52.5,0.0,,0.7249744534492493,0.7329751765022955,38.0966911315918,944.8829265980007,-0.1150689572095871,5.102423667907715,-0.9844169616699219,-0.4077606201171875,-0.01825341023504734,-0.011258679442107677,0.021789273247122765,5.78099250793457,-1.2547777891159058,-0.6445651054382324,-0.11715656518936157,0.052533362060785294,0.06306730210781097,5.102423667907715,-0.9844169616699219,-0.4077606201171875,-0.01825341023504734,-0.011258679442107677,0.021789273247122765
52.6,0.0,,0.7159868478775024,0.7335544090951803,39.181514739990234,945.0943569447303,-0.11580729484558105,4.629978179931641,-0.8633260726928711,-0.25440216064453125,-0.017727434635162354,-0.010620856657624245,0.021832583472132683,5.489380836486816,-1.1478418111801147,-0.4936051368713379,-0.11593517661094666,0.04943427816033363,0.09060968458652496,4.629978179931641,-0.8633260726928711,-0.25440216064453125,-0.017727434635162354,-0.010620856657624245,0.021832583472132683
52.7,0.0,,0.784507691860199,0.7342456888233148,44.1853141784668,945.3489784293691,-0.12064117193222046,4.098525047302246,-0.7300281524658203,-0.09653472900390625,-0.016976715996861458,-0.009794792160391808,0.02151685394346714,5.119714736938477,-1.0443437099456787,-0.3435600697994232,-0.10242274403572083,0.052959196269512177,0.10995718836784363,4.098525047302246,-0.7300281524658203,-0.09653472900390625,-0.016976715996861458,-0.009794792160391808,0.02151685394346714
52.800000000000004,0.0,,0.7584651708602905,0.7347537535565646,45.760345458984375,945.5789222096108,-0.12190597504377365,3.516448974609375,-0.5942859649658203,0.06475067138671875,-0.0160121638327837,-0.008790445514023304,0.02085050195455551,4.646984100341797,-0.9159937500953674,-0.17827540636062622,-0.08774711191654205,0.049870267510414124,0.11405429244041443,3.516448974609375,-0.5942859649658203,0.06475067138671875,-0.0160121638327837,-0.008790445514023304,0.02085050195455551
52.9,0.0,,0.7400102615356445,0.7348952017840414,49.88999938964844,945.8610492481081,-0.1203443706035614,2.8877029418945312,-0.4561004638671875,0.22834014892578125,-0.01486151572316885,-0.007635476533323526,0.01986633613705635,4.156843662261963,-0.789630115032196,-0.015299737453460693,-0.042757995426654816,0.05374692380428314,0.13764505088329315,2.8877029418945312,-0.4561004638671875,0.22834014892578125,-0.01486151572316885,-0.007635476533323526,0.01986633613705635
53.0,0.0,,0.8150169253349304,0.7347438818195338,62.74817657470703,946.1708626607797,-0.12287822365760803,2.220065116882324,-0.3135213851928711,0.39304351806640625,-0.013506111688911915,-0.006306960713118315,0.018564609810709953,3.6730575561523438,-0.66551673412323,0.1333485245704651,-0.02273898385465145,0.055764440447092056,0.1867874562740326,2.220065116882324,-0.3135213851928711,0.39304351806640625,-0.013506111688911915,-0.006306960713118315,0.018564609810709953
53.1,0.0,,0.8063698410987854,0.7347687562801533,66.94146728515625,946.4321408015438,-0.11750170588493347,1.5234899520874023,-0.1606903076171875,0.5575942993164062,-0.011996685527265072,-0.004852152895182371,0.017009984701871872,2.9997291564941406,-0.5153799653053284,0.314144104719162,0.01850181072950363,0.052367694675922394,0.14290904998779297,1.5234899520874023,-0.1606903076171875,0.5575942993164062,-0.011996685527265072,-0.004852152895182371,0.017009984701871872
53.2,0.0,,0.7783938646316528,0.734877115317139,78.3623046875,946.7215283561737,-0.12143903225660324,0.80377197265625,-0.005458831787109375,0.7206039428710938,-0.010344269685447216,-0.0032758538145571947,0.015227939002215862,2.368312358856201,-0.3615255355834961,0.4751955270767212,-0.0029776724986732006,0.057172223925590515,0.03929949924349785,0.80377197265625,-0.005458831787109375,0.7206039428710938,-0.010344269685447216,-0.0032758538145571947,0.015227939002215862
53.300000000000004,0.0,,0.8105654120445251,0.7355265797766358,101.93873596191406,947.029092811373,-0.1201067715883255,0.06791210174560547,0.15111637115478516,0.8806838989257812,-0.008572540245950222,-0.0015985238132998347,0.013256978243589401,1.7277454137802124,-0.21998675167560577,0.6267085075378418,0.017858872190117836,0.05783659592270851,0.07607148587703705,0.06791210174560547,0.15111637115478516,0.8806838989257812,-0.008572540245950222,-0.0015985238132998347,0.013256978243589401
53.4,0.0,,0.8275817632675171,0.736292923074891,135.859375,947.3173435990104,-0.11443392932415009,-0.6730766296386719,0.31002235412597656,1.0364761352539062,-0.006693192292004824,0.0001714461832307279,0.01111847534775734,1.0654915571212769,-0.07396607100963593,0.7805793285369873,-0.001158168539404869,0.05752988159656525,0.05734250321984291,-0.6730766296386719,0.31002235412597656,1.0364761352539062,-0.006693192292004824,0.0001714461832307279,0.01111847534775734
53.5,0.0,,0.8557096719741821,0.7370460845208384,175.1446990966797,947.5615011880943,-0.11307130753993988,-1.4125957489013672,0.4688758850097656,1.1862945556640625,-0.004775613080710173,0.0019755493849515915,0.008893481455743313,0.38918066024780273,0.06527498364448547,0.9339570999145508,-0.055505961179733276,0.06237269192934036,0.03977746516466141,-1.4125957489013672,0.4688758850097656,1.1862945556640625,-0.004775613080710173,0.0019755493849515915,0.008893481455743313
53.6,0.0,,0.8688710927963257,0.737680974501088,189.67874145507812,947.762475076371,-0.10878120362758636,-2.136709213256836,0.6275606155395508,1.3287277221679688,-0.00277723022736609,0.0038511164020746946,0.006536724511533976,-0.332298219203949,0.2246115654706955,1.0811724662780762,-0.06261476129293442,0.0629044696688652,0.0771741196513176,-2.136709213256836,0.6275606155395508,1.3287277221679688,-0.00277723022736609,0.0038511164020746946,0.006536724511533976
53.7,0.0,,0.82234787940979,0.7380478824043989,152.35850524902344,947.9292171661865,-0.10322870314121246,-2.841947555541992,0.7860794067382812,1.4622344970703125,-0.0007792258984409273,0.0057219830341637135,0.004141091834753752,-1.048841953277588,0.3762664794921875,1.2187806367874146,-0.020380744710564613,0.059331536293029785,0.10419946908950806,-2.841947555541992,0.7860794067382812,1.4622344970703125,-0.0007792258984409273,0.0057219830341637135,0.004141091834753752
53.800000000000004,0.0,,0.8406423926353455,0.7385164879192735,114.76776885986328,948.0704370723495,-0.09857206046581268,-3.5180139541625977,0.9433565139770508,1.5851593017578125,0.0012040615547448397,0.007577431388199329,0.0017185099422931671,-1.728431224822998,0.5165043473243713,1.3429137468338013,-0.012233361601829529,0.05790824070572853,0.1414635181427002,-3.5180139541625977,0.9433565139770508,1.5851593017578125,0.0012040615547448397,0.007577431388199329,0.0017185099422931671
53.9,0.0,,0.8475855588912964,0.7391163478693074,91.00772094726562,948.1422543312439,-0.09290984272956848,-4.159134864807129,1.0980987548828125,1.6961669921875,0.003159443847835064,0.009399773553013802,-0.0007201314438134432,-2.375114679336548,0.6545864939689636,1.454378604888916,-0.0495280995965004,0.053527120500802994,0.13425390422344208,-4.159134864807129,1.0980987548828125,1.6961669921875,0.003159443847835064,0.009399773553013802,-0.0007201314438134432
54.0,0.0,,0.796468198299408,0.7397394113837454,67.06287384033203,948.1534240706937,-0.0864645391702652,-4.75905704498291,1.2457637786865234,1.7938308715820312,0.0050344159826636314,0.011136597953736782,-0.003116303589195013,-3.1044278144836426,0.8197709321975708,1.5720027685165405,0.0070588476955890656,0.042945895344018936,0.06968307495117188,-4.75905704498291,1.2457637786865234,1.7938308715820312,0.0050344159826636314,0.011136597953736782,-0.003116303589195013
54.1,0.0,,0.743242621421814,0.7398120788474669,52.85038375854492,948.1154101045774,-0.0847899466753006,-5.309025764465332,1.3829727172851562,1.8768463134765625,0.006829822901636362,0.012783663347363472,-0.005476970225572586,-3.7369985580444336,0.974022388458252,1.6658838987350464,0.04629707708954811,0.03843385726213455,0.07114383578300476,-5.309025764465332,1.3829727172851562,1.8768463134765625,0.006829822901636362,0.012783663347363472,-0.005476970225572586
54.2,0.0,,0.712664008140564,0.7393737697729276,45.48316955566406,948.0483438819235,-0.08016756176948547,-5.801216125488281,1.5111885070800781,1.9439010620117188,0.008508201688528061,0.014303724281489849,-0.007757773157209158,-4.267864227294922,1.0959304571151733,1.7374320030212402,-0.029594318941235542,0.03570328280329704,0.02134677767753601,-5.801216125488281,1.5111885070800781,1.9439010620117188,0.008508201688528061,0.014303724281489849,-0.007757773157209158
54.300000000000004,0.0,,0.706545352935791,0.7389333036450738,40.51406478881836,947.9127556242396,-0.0811890959739685,-6.231389045715332,1.6270694732666016,1.9937515258789062,0.010059830732643604,0.015683135017752647,-0.009947827085852623,-4.784128189086914,1.2157909870147705,1.7982993125915527,-0.0734860971570015,0.04076090827584267,0.028406009078025818,-6.231389045715332,1.6270694732666016,1.9937515258789062,0.010059830732643604,0.015683135017752647,-0.009947827085852623
54.4,0.0,,0.6853296160697937,0.7385746550697948,35.62342071533203,947.724531262435,-0.07523622363805771,-6.595158576965332,1.7255859375,2.0254135131835938,0.011462452821433544,0.016897186636924744,-0.012017563916742802,-5.304490089416504,1.3582170009613037,1.8487675189971924,-0.07659546285867691,0.03241725638508797,0.0865272581577301,-6.595158576965332,1.7255859375,2.0254135131835938,0.011462452821433544,0.016897186636924744,-0.012017563916742802
54.5,0.0,,0.584463357925415,0.738216278248217,28.280954360961914,947.4551831717055,-0.0688433051109314,-6.890129089355469,1.8083887100219727,2.0380401611328125,0.012708510272204876,0.017934434115886688,-0.01395284105092287,-5.799758434295654,1.4852463006973267,1.8908636569976807,-0.08031238615512848,0.020439380779862404,0.14696195721626282,-6.890129089355469,1.8083887100219727,2.0380401611328125,0.012708510272204876,0.017934434115886688,-0.01395284105092287
54.6,0.0,,0.5346167087554932,0.7376806973570315,25.051109313964844,947.1774744497401,-0.07170461118221283,-7.109272003173828,1.8749561309814453,2.0310134887695312,0.01377926580607891,0.018773123621940613,-0.015721973031759262,-6.139867305755615,1.5764915943145752,1.9000141620635986,-0.06261883676052094,0.014708208851516247,0.12361769378185272,-7.109272003173828,1.8749561309814453,2.0310134887695312,0.01377926580607891,0.018773123621940613,-0.015721973031759262
54.7,0.0,,0.5568063259124756,0.7369105119937444,24.99987030029297,946.8741867688481,-0.07751846313476562,-7.252874374389648,1.9218339920043945,2.0039749145507812,0.01464778184890747,0.019388770684599876,-0.01727050356566906,-6.3971476554870605,1.6477303504943848,1.8816936016082764,-0.05496697127819061,0.015412856824696064,0.13092434406280518,-7.252874374389648,1.9218339920043945,2.0039749145507812,0.01464778184890747,0.019388770684599876,-0.01727050356566906
54.800000000000004,0.0,,0.5717644691467285,0.7361345263433988,25.24390411376953,946.5544879991266,-0.07949553430080414,-7.318753242492676,1.949162483215332,1.9566802978515625,0.015329459682106972,0.01978939399123192,-0.018620766699314117,-6.637090682983398,1.716050386428833,1.8470063209533691,-0.06397390365600586,0.022986873984336853,0.1570679247379303,-7.318753242492676,1.949162483215332,1.9566802978515625,0.015329459682106972,0.01978939399123192,-0.018620766699314117
54.9,0.0,,0.5569690465927124,0.735355962070547,24.125904083251953,946.2228009470546,-0.08304055780172348,-7.303982734680176,1.9557991027832031,1.8891983032226562,0.01579992286860943,0.019956663250923157,-0.019714074209332466,-6.815860748291016,1.7705365419387817,1.798766851425171,-0.04338148981332779,0.02480950579047203,0.12247437983751297,-7.303982734680176,1.9557991027832031,1.8891983032226562,0.01579992286860943,0.019956663250923157,-0.019714074209332466
55.0,0.0,,0.5730586051940918,0.7346725725711226,23.548397064208984,945.9122785427105,-0.09639864414930344,-7.2106828689575195,1.9408817291259766,1.8018722534179688,0.016065387055277824,0.01989668980240822,-0.020544162020087242,-6.923547744750977,1.805535912513733,1.7297568321228027,-0.006542183458805084,0.024966251105070114,0.12880592048168182,-7.2106828689575195,1.9408817291259766,1.8018722534179688,0.016065387055277824,0.01989668980240822,-0.020544162020087242
55.1,0.0,,0.5589666366577148,0.7341892317730772,24.298368453979492,945.6413648518288,-0.10883812606334686,-7.03945255279541,1.9040422439575195,1.6954269409179688,0.016133753582835197,0.019621625542640686,-0.021112268790602684,-6.9982404708862305,1.8240931034088135,1.6392707824707031,0.004229849204421043,0.02777520939707756,0.09169483184814453,-7.03945255279541,1.9040422439575195,1.6954269409179688,0.016133753582835197,0.019621625542640686,-0.021112268790602684
55.2,0.0,,0.5714800357818604,0.7337149797192714,24.62783432006836,945.4020583128174,-0.1236724704504013,-6.793614387512207,1.843705177307129,1.570587158203125,0.016007613390684128,0.019132100045681,-0.02142423763871193,-7.031701564788818,1.8549010753631592,1.535084843635559,-0.007978210225701332,0.026542453095316887,0.035872504115104675,-6.793614387512207,1.843705177307129,1.570587158203125,0.016007613390684128,0.019132100045681,-0.02142423763871193
55.300000000000004,0.0,,0.6003711223602295,0.7333515996371905,27.238737106323242,945.1711440853389,-0.1407110095024109,-6.473416328430176,1.7613983154296875,1.4284286499023438,0.01567719876766205,0.01839279569685459,-0.021502355113625526,-7.0202107429504395,1.854596495628357,1.4041365385055542,0.016125362366437912,0.028884850442409515,0.005105715245008469,-6.473416328430176,1.7613983154296875,1.4284286499023438,0.01567719876766205,0.01839279569685459,-0.021502355113625526
55.4,0.0,,0.6121736764907837,0.7330145608394769,29.94074249267578,944.9437676703632,-0.1510678082704544,-6.08327579498291,1.6571846008300781,1.2703323364257812,0.015148214995861053,0.01743154600262642,-0.021328141912817955,-6.944533824920654,1.847965121269226,1.259728193283081,0.05605827271938324,0.02261698991060257,-0.04624846205115318,-6.08327579498291,1.6571846008300781,1.2703323364257812,0.015148214995861053,0.01743154600262642,-0.021328141912817955
55.5,0.0,,0.6317470073699951,0.7327241629197213,32.712066650390625,944.7678456160395,-0.16309747099876404,-5.627182960510254,1.5320215225219727,1.097869873046875,0.01442134939134121,0.016252195462584496,-0.020909294486045837,-6.773258209228516,1.8094921112060547,1.1041200160980225,0.05124766007065773,0.021957390010356903,-0.047541506588459015,-5.627182960510254,1.5320215225219727,1.097869873046875,0.01442134939134121,0.016252195462584496,-0.020909294486045837
55.6,0.0,,0.5819356441497803,0.7324426798031567,31.662769317626953,944.5667882799953,-0.17560693621635437,-5.111489295959473,1.3869915008544922,0.91265869140625,0.013503986410796642,0.014869127422571182,-0.020258894190192223,-6.508152961730957,1.7472219467163086,0.9484940767288208,0.06330125033855438,0.015072845853865147,-0.07082536816596985,-5.111489295959473,1.3869915008544922,0.91265869140625,0.013503986410796642,0.014869127422571182,-0.020258894190192223
55.7,0.0,,0.5200680494308472,0.731876150239978,31.00452423095703,944.4157487115289,-0.18982116878032684,-4.540268898010254,1.2230548858642578,0.7164840698242188,0.012401748448610306,0.013293790630996227,-0.01939207687973976,-6.18871545791626,1.6693449020385742,0.7811836004257202,0.08217360079288483,0.012298405170440674,-0.1334758698940277,-4.540268898010254,1.2230548858642578,0.7164840698242188,0.012401748448610306,0.013293790630996227,-0.01939207687973976
55.800000000000004,0.0,,0.4807923138141632,0.7310643785928252,32.625083923339844,944.2623141822448,-0.2121516615152359,-3.91986083984375,1.0421180725097656,0.5115203857421875,0.011132271029055119,0.011553851887583733,-0.018336055800318718,-5.8451690673828125,1.5853605270385742,0.5957579016685486,0.09887364506721497,0.009506739675998688,-0.20163996517658234,-3.91986083984375,1.0421180725097656,0.5115203857421875,0.011132271029055119,0.011553851887583733,-0.018336055800318718
55.9,0.0,,0.4651036262512207,0.7301416745617102,37.1484489440918,944.1511660655854,-0.2341153919696808,-3.2551469802856445,0.8453302383422852,0.29987335205078125,0.009714342653751373,0.009676670655608177,-0.017119837924838066,-5.487242221832275,1.4887858629226685,0.39215752482414246,0.1019107848405838,0.013688110746443272,-0.18887780606746674,-3.2551469802856445,0.8453302383422852,0.29987335205078125,0.009714342653751373,0.009676670655608177,-0.017119837924838066
56.0,0.0,,0.486258864402771,0.7290666742614761,47.650421142578125,944.0621998453634,-0.255740225315094,-2.55312442779541,0.6320772171020508,0.08371734619140625,0.008153789676725864,0.0076721906661987305,-0.015761369839310646,-5.097647190093994,1.3804733753204346,0.1739855259656906,0.08882125467061996,0.01853782683610916,-0.17709040641784668,-2.55312442779541,0.6320772171020508,0.08371734619140625,0.008153789676725864,0.0076721906661987305,-0.015761369839310646
56.1,0.0,,0.5051919221878052,0.7279308590360207,65.81249237060547,943.9884942910869,-0.2606123685836792,-1.8234729766845703,0.4093484878540039,-0.1349639892578125,0.006470432039350271,0.005569093860685825,-0.014289752580225468,-4.64000129699707,1.2551299333572388,-0.051089733839035034,0.07311977446079254,0.02694997377693653,-0.12683573365211487,-1.8234729766845703,0.4093484878540039,-0.1349639892578125,0.006470432039350271,0.005569093860685825,-0.014289752580225468
56.2,0.0,,0.5553653836250305,0.7268528829129117,101.20740509033203,943.9090911499103,-0.2631979286670685,-1.0736751556396484,0.17573261260986328,-0.3538970947265625,0.004699429497122765,0.003410918405279517,-0.012744770385324955,-4.072978973388672,1.0970306396484375,-0.27644720673561096,0.08214366436004639,0.035204626619815826,-0.12023493647575378,-1.0736751556396484,0.17573261260986328,-0.3538970947265625,0.004699429497122765,0.003410918405279517,-0.012744770385324955
56.300000000000004,0.0,,0.5532371997833252,0.7258493007575492,200.5364990234375,943.8052939314701,-0.24991250038146973,-0.31098270416259766,-0.06010246276855469,-0.5708847045898438,0.002823137678205967,0.0011781774228438735,-0.011119428090751171,-3.4764788150787354,0.9275401830673218,-0.49798840284347534,0.09327423572540283,0.04478872939944267,-0.14575976133346558,-0.31098270416259766,-0.06010246276855469,-0.5708847045898438,0.002823137678205967,0.0011781774228438735,-0.011119428090751171
56.4,0.0,,0.5562743544578552,0.7247462242987658,427.1763000488281,943.7118385483618,-0.2484598606824875,0.453338623046875,-0.29697322845458984,-0.7837295532226562,0.0008934605866670609,-0.0010685718152672052,-0.009463218040764332,-2.7867937088012695,0.719380259513855,-0.7125419974327087,0.08866869658231735,0.04706266522407532,-0.11698117852210999,0.453338623046875,-0.29697322845458984,-0.7837295532226562,0.0008934605866670609,-0.0010685718152672052,-0.009463218040764332
56.5,0.0,,0.5319437980651855,0.723648506522521,161.9876251220703,943.599650899384,-0.25017207860946655,1.216318130493164,-0.53369140625,-0.990386962890625,-0.0010645128786563873,-0.003301207907497883,-0.007801753934472799,-2.0478298664093018,0.49702727794647217,-0.9197978377342224,0.13719233870506287,0.048405971378088,-0.09006107598543167,1.216318130493164,-0.53369140625,-0.990386962890625,-0.0010645128786563873,-0.003301207907497883,-0.007801753934472799
56.6,0.0,,0.5117224454879761,0.7224479471777074,86.05702209472656,943.5234588001277,-0.2588391602039337,1.969130516052246,-0.7684364318847656,-1.188995361328125,-0.0030386659782379866,-0.005506638903170824,-0.006147739477455616,-1.3603792190551758,0.28283700346946716,-1.1291974782943726,0.10196979343891144,0.04918061941862106,-0.07853202521800995,1.969130516052246,-0.7684364318847656,-1.188995361328125,-0.0030386659782379866,-0.005506638903170824,-0.006147739477455616
56.7,0.0,,0.5021370649337769,0.7211120966044318,57.54182052612305,943.4873389797895,-0.25365808606147766,2.7026853561401367,-0.9975929260253906,-1.3779830932617188,-0.0049766250886023045,-0.007626032922416925,-0.004547478631138802,-0.6676911115646362,0.08080209791660309,-1.3310099840164185,0.08477899432182312,0.04998776316642761,-0.08362644910812378,2.7026853561401367,-0.9975929260253906,-1.3779830932617188,-0.0049766250886023045,-0.007626032922416925,-0.004547478631138802
56.800000000000004,0.0,,0.5355733633041382,0.7198075594301473,47.82406997680664,943.457257337389,-0.24948135018348694,3.406585693359375,-1.2131404876708984,-1.5554656982421875,-0.006873881909996271,-0.009663976728916168,-0.002998489188030362,-0.06505541503429413,-0.09913423657417297,-1.5374441146850586,0.032834772020578384,0.05451851338148117,-0.06683029234409332,3.406585693359375,-1.2131404876708984,-1.5554656982421875,-0.006873881909996271,-0.009663976728916168,-0.002998489188030362
56.9,0.0,,0.5773649215698242,0.7186470273534382,44.30415344238281,943.4349437186493,-0.2231411337852478,4.0750837326049805,-1.4162216186523438,-1.719940185546875,-0.008700772188603878,-0.011594497598707676,-0.0015205338131636381,0.5846789479255676,-0.2974016070365906,-1.737457036972046,0.03716198354959488,0.05856935679912567,-0.07793200016021729,4.0750837326049805,-1.4162216186523438,-1.719940185546875,-0.008700772188603878,-0.011594497598707676,-0.0015205338131636381
57.0,0.0,,0.5827861428260803,0.7177027450614071,36.96245193481445,943.3978865826059,-0.19175350666046143,4.7023725509643555,-1.6028614044189453,-1.8701248168945312,-0.010428219102323055,-0.013391735032200813,-0.0001314804540015757,1.4580483436584473,-0.5796190500259399,-1.8999429941177368,0.07331199198961258,0.05894474685192108,-0.06761763989925385,4.7023725509643555,-1.6028614044189453,-1.8701248168945312,-0.010428219102323055,-0.013391735032200813,-0.0001314804540015757
57.1,0.0,,0.5792160034179688,0.7169005991398558,32.78458023071289,943.345752703115,-0.1673761010169983,5.279186248779297,-1.7702245712280273,-2.0049514770507812,-0.012041913345456123,-0.015045415610074997,0.001164087443612516,2.228764533996582,-0.8205934166908264,-2.044785499572754,0.10609789937734604,0.055850449949502945,-0.06840214878320694,5.279186248779297,-1.7702245712280273,-2.0049514770507812,-0.012041913345456123,-0.015045415610074997,0.001164087443612516
57.2,0.0,,0.5750739574432373,0.7161522500236553,29.436561584472656,943.2700707945921,-0.15795347094535828,5.799324035644531,-1.913344383239746,-2.1232986450195312,-0.013496163301169872,-0.0165178794413805,0.002339212456718087,2.9822168350219727,-1.0478355884552002,-2.1757659912109375,0.11132223904132843,0.05170357972383499,-0.08444227278232574,5.799324035644531,-1.913344383239746,-2.1232986450195312,-0.013496163301169872,-0.0165178794413805,0.002339212456718087
57.300000000000004,0.0,,0.5632412433624268,0.7154214893322028,27.051830291748047,943.1944475284917,-0.13548579812049866,6.259775161743164,-2.032435417175293,-2.2242965698242188,-0.014790578745305538,-0.01781708560883999,0.0034039465244859457,3.7494263648986816,-1.2800343036651611,-2.2853240966796875,0.09820017218589783,0.04034052789211273,-0.05550921708345413,6.259775161743164,-2.032435417175293,-2.2242965698242188,-0.014790578745305538,-0.01781708560883999,0.0034039465244859457
57.4,0.0,,0.5723796486854553,0.7146336678826826,24.799333572387695,943.0586260922887,-0.11656133085489273,6.653857231140137,-2.123530387878418,-2.3074798583984375,-0.015897376462817192,-0.01892276480793953,0.004345197696238756,4.486843109130859,-1.4896726608276367,-2.369669198989868,0.06110527738928795,0.034684017300605774,-0.02658727765083313,6.653857231140137,-2.123530387878418,-2.3074798583984375,-0.015897376462817192,-0.01892276480793953,0.004345197696238756
57.5,0.0,,0.5942695736885071,0.714005698582145,25.556217193603516,942.8433152842892,-0.09952139854431152,6.977155685424805,-2.1895008087158203,-2.3720550537109375,-0.016773095354437828,-0.019800450652837753,0.005136886145919561,5.0901899337768555,-1.6621575355529785,-2.4424853324890137,0.030346108600497246,0.033301547169685364,-0.04503825306892395,6.977155685424805,-2.1895008087158203,-2.3720550537109375,-0.016773095354437828,-0.019800450652837753,0.005136886145919561
57.6,0.0,,0.6205424666404724,0.7134084568674507,24.100223541259766,942.5427114923496,-0.08932000398635864,7.2265729904174805,-2.2251529693603516,-2.4175949096679688,-0.0174202099442482,-0.020459914579987526,0.005789274349808693,5.660805702209473,-1.8180421590805054,-2.490358591079712,0.042038410902023315,0.03052740916609764,-0.10901900380849838,7.2265729904174805,-2.2251529693603516,-2.4175949096679688,-0.0174202099442482,-0.020459914579987526,0.005789274349808693
57.7,0.0,,0.6213274002075195,0.712792322292644,24.757171630859375,942.2081946909473,-0.08189556747674942,7.398979187011719,-2.2324743270874023,-2.4437408447265625,-0.017829038202762604,-0.020899401977658272,0.006297934800386429,6.095948219299316,-1.932201623916626,-2.523688316345215,0.05473916977643967,0.028027368709445,-0.12990392744541168,7.398979187011719,-2.2324743270874023,-2.4437408447265625,-0.017829038202762604,-0.020899401977658272,0.006297934800386429
57.800000000000004,0.0,,0.6452380418777466,0.7122434925911025,25.953290939331055,941.8739458660514,-0.0765886902809143,7.493173599243164,-2.2095184326171875,-2.4503250122070312,-0.017992030829191208,-0.021115295588970184,0.006651165895164013,6.515627861022949,-2.0295932292938232,-2.5369062423706055,-0.018390506505966187,0.02771114557981491,-0.08071758598089218,7.493173599243164,-2.2095184326171875,-2.4503250122070312,-0.017992030829191208,-0.021115295588970184,0.006651165895164013
57.9,0.0,,0.6405373215675354,0.7117007497683076,25.473745346069336,941.5228781506354,-0.07369890809059143,7.508628845214844,-2.1582517623901367,-2.4372329711914062,-0.01791553758084774,-0.021127106621861458,0.006881875451654196,6.8544816970825195,-2.099794864654541,-2.527156352996826,-0.08635059744119644,0.021662740036845207,-0.1424836814403534,7.508628845214844,-2.1582517623901367,-2.4372329711914062,-0.01791553758084774,-0.021127106621861458,0.006881875451654196
58.0,0.0,,0.6619904041290283,0.7113018974531286,25.912212371826172,941.1935224853389,-0.08137010782957077,7.444929122924805,-2.0772457122802734,-2.4048843383789062,-0.01760535128414631,-0.020932098850607872,0.006964576430618763,7.0809125900268555,-2.1065165996551514,-2.501412868499756,-0.09271790832281113,0.02061222307384014,-0.15335693955421448,7.444929122924805,-2.0772457122802734,-2.4048843383789062,-0.01760535128414631,-0.020932098850607872,0.006964576430618763
58.1,0.0,,0.7007049322128296,0.7110499319431666,29.32909393310547,940.9156202056562,-0.08946454524993896,7.300875663757324,-1.968623161315918,-2.353240966796875,-0.017046060413122177,-0.020528987050056458,0.00690638180822134,7.195162773132324,-2.0857198238372803,-2.4654242992401123,-0.1891353875398636,0.022643491625785828,-0.1329008936882019,7.300875663757324,-1.968623161315918,-2.353240966796875,-0.017046060413122177,-0.020528987050056458,0.00690638180822134
58.2,0.0,,0.7401653528213501,0.7111097654437981,32.14931869506836,940.7194087409825,-0.09382614493370056,7.079360008239746,-1.8346891403198242,-2.282623291015625,-0.01621113158762455,-0.019900212064385414,0.006694122217595577,7.225017547607422,-2.0413317680358887,-2.402669906616211,-0.2875519394874573,0.02090184949338436,-0.048989370465278625,7.079360008239746,-1.8346891403198242,-2.282623291015625,-0.01621113158762455,-0.019900212064385414,0.006694122217595577
58.300000000000004,0.0,,0.7603486776351929,0.7113890137792157,35.0640869140625,940.5743510687737,-0.10093416273593903,6.781951904296875,-1.674086570739746,-2.193450927734375,-0.015126843005418777,-0.019068589434027672,0.006328607443720102,7.149102210998535,-1.9610302448272705,-2.3203277587890625,-0.29779133200645447,0.023562317714095116,0.03247864544391632,6.781951904296875,-1.674086570739746,-2.193450927734375,-0.015126843005418777,-0.019068589434027672,0.006328607443720102
58.4,0.0,,0.7652816772460938,0.7116239694035725,36.78712463378906,940.5276172329242,-0.10948455333709717,6.414072036743164,-1.4917526245117188,-2.0861663818359375,-0.01378199178725481,-0.01802646741271019,0.005805621854960918,6.946310997009277,-1.8394948244094849,-2.214298963546753,-0.23678866028785706,0.025010712444782257,0.17826564610004425,6.414072036743164,-1.4917526245117188,-2.0861663818359375,-0.01378199178725481,-0.01802646741271019,0.005805621854960918
58.5,0.0,,0.7254796028137207,0.7117384782420328,40.11992263793945,940.5715945157374,-0.11728918552398682,5.977267265319824,-1.2891569137573242,-1.961700439453125,-0.012221775017678738,-0.01680712215602398,0.0051446040160954,6.673537731170654,-1.6892106533050537,-2.094710350036621,-0.17808695137500763,0.027083560824394226,0.2417108714580536,5.977267265319824,-1.2891569137573242,-1.961700439453125,-0.012221775017678738,-0.01680712215602398,0.0051446040160954
58.6,0.0,,0.7872273921966553,0.712022496516882,46.5610237121582,940.740691842574,-0.1277647167444229,5.477541923522949,-1.0703468322753906,-1.8208770751953125,-0.01045684888958931,-0.01541727501899004,0.004355512093752623,6.320621490478516,-1.5088958740234375,-1.9650657176971436,-0.19689151644706726,0.027941487729549408,0.19687676429748535,5.477541923522949,-1.0703468322753906,-1.8208770751953125,-0.01045684888958931,-0.01541727501899004,0.004355512093752623
58.7,0.0,,0.8058306574821472,0.7124966229659794,54.44658660888672,940.9678955346222,-0.13439050316810608,4.919696807861328,-0.8365240097045898,-1.66461181640625,-0.00849786214530468,-0.013865387998521328,0.0034526167437434196,5.879223823547363,-1.292565107345581,-1.8166520595550537,-0.2312755137681961,0.029141873121261597,0.24827218055725098,4.919696807861328,-0.8365240097045898,-1.66461181640625,-0.00849786214530468,-0.013865387998521328,0.0034526167437434196
58.800000000000004,0.0,,0.8126652836799622,0.7132316996142164,63.35711669921875,941.2408091165573,-0.13718947768211365,4.309825897216797,-0.5915164947509766,-1.4940338134765625,-0.0063741556368768215,-0.012171880342066288,0.0024599172174930573,5.343659400939941,-1.0583140850067139,-1.646031379699707,-0.16541387140750885,0.038960181176662445,0.26391661167144775,4.309825897216797,-0.5915164947509766,-1.4940338134765625,-0.0063741556368768215,-0.012171880342066288,0.0024599172174930573
58.9,0.0,,0.8109743595123291,0.7140978690086243,80.07392883300781,941.5629817150752,-0.1401797980070114,3.6566267013549805,-0.33843135833740234,-1.3105926513671875,-0.00411576172336936,-0.01035821158438921,0.00140569475479424,4.787250518798828,-0.8204119801521301,-1.4727970361709595,-0.05023221671581268,0.04577718302607536,0.21654832363128662,3.6566267013549805,-0.33843135833740234,-1.3105926513671875,-0.00411576172336936,-0.01035821158438921,0.00140569475479424
59.0,0.0,,0.8187354803085327,0.7150406392324477,106.30702209472656,941.9096071049851,-0.14420247077941895,2.965102195739746,-0.08431243896484375,-1.1155776977539062,-0.0017707807710394263,-0.008463689126074314,0.00032803864451125264,4.183527946472168,-0.5914551615715027,-1.2852375507354736,-0.05106876790523529,0.04444069415330887,0.19743096828460693,2.965102195739746,-0.08431243896484375,-1.1155776977539062,-0.0017707807710394263,-0.008463689126074314,0.00032803864451125264
59.1,0.0,,0.809965968132019,0.7160256626478259,135.07191467285156,942.2811662631947,-0.15272539854049683,2.242072105407715,0.16940021514892578,-0.9105682373046875,0.000681372475810349,-0.006467815022915602,-0.0007665129960514605,3.504108428955078,-0.3370741009712219,-1.0795811414718628,-0.011560378596186638,0.042475681751966476,0.21972516179084778,2.242072105407715,0.16940021514892578,-0.9105682373046875,0.000681372475810349,-0.006467815022915602,-0.0007665129960514605
59.2,0.0,,0.8309880495071411,0.7168501939744526,174.00347900390625,942.673268377022,-0.1593116670846939,1.4959325790405273,0.4223289489746094,-0.6974258422851562,0.003171011805534363,-0.004419658333063126,-0.001833318267017603,2.8918776512145996,-0.12689577043056488,-0.8796517252922058,-0.04710985720157623,0.04633692651987076,0.12349443882703781,1.4959325790405273,0.4223289489746094,-0.6974258422851562,0.003171011805534363,-0.004419658333063126,-0.001833318267017603
59.300000000000004,0.0,,0.8695788979530334,0.7176685346106493,151.43414306640625,943.03314858197,-0.16601666808128357,0.7339305877685547,0.6676034927368164,-0.47809600830078125,0.005663380492478609,-0.0023453321773558855,-0.0028444428462535143,2.1584439277648926,0.1273898184299469,-0.6575018167495728,0.00414157472550869,0.046225450932979584,0.14711309969425201,0.7339305877685547,0.6676034927368164,-0.47809600830078125,0.005663380492478609,-0.0023453321773558855,-0.0028444428462535143
59.4,0.0,,0.8361638188362122,0.717942943651504,113.08380126953125,943.4060075711698,-0.1651703119277954,-0.03413105010986328,0.9012765884399414,-0.25457000732421875,0.008141706697642803,-0.0002539800188969821,-0.003784324275329709,1.4600179195404053,0.36440739035606384,-0.43823158740997314,0.0044861845672130585,0.04772195965051651,0.13140133023262024,-0.03413105010986328,0.9012765884399414,-0.25457000732421875,0.008141706697642803,-0.0002539800188969821,-0.003784324275329709
59.5,0.0,,0.9017590284347534,0.7181768548409536,97.23870849609375,943.7885612331935,-0.16778942942619324,-0.8023958206176758,1.120391845703125,-0.02886962890625,0.010500443167984486,0.0017692665569484234,-0.004609459079802036,0.7937839031219482,0.5690439343452454,-0.21963568031787872,0.027092345058918,0.05988794192671776,0.22194668650627136,-0.8023958206176758,1.120391845703125,-0.02886962890625,0.010500443167984486,0.0017692665569484234,-0.004609459079802036
59.6,0.0,,0.8803110718727112,0.7188746026775696,73.77982330322266,944.0972400730698,-0.175388365983963,-1.5644092559814453,1.3231887817382812,0.19671630859375,0.012806296348571777,0.003790909657254815,-0.005343938712030649,0.014525964856147766,0.801497220993042,0.014538496732711792,0.04812972992658615,0.06368434429168701,0.24953392148017883,-1.5644092559814453,1.3231887817382812,0.19671630859375,0.012806296348571777,0.003790909657254815,-0.005343938712030649
59.7,0.0,,0.8777182102203369,0.719577889540318,60.954322814941406,944.4508747839247,-0.17475591599941254,-2.310544013977051,1.5056095123291016,0.42000579833984375,0.014952666126191616,0.005724675953388214,-0.005957972723990679,-0.7137883305549622,0.9996625781059265,0.2371545135974884,0.09221222251653671,0.06952597945928574,0.29418671131134033,-2.310544013977051,1.5056095123291016,0.42000579833984375,0.014952666126191616,0.005724675953388214,-0.005957972723990679
59.800000000000004,0.0,,0.9214996695518494,0.7206004515332528,57.0245246887207,944.7690508356793,-0.17431969940662384,-3.032989501953125,1.6664085388183594,0.6388092041015625,0.01695995032787323,0.007587891072034836,-0.006466361228376627,-1.3791849613189697,1.1761813163757324,0.4534832239151001,0.16158606112003326,0.06594572961330414,0.30425870418548584,-3.032989501953125,1.6664085388183594,0.6388092041015625,0.01695995032787323,0.007587891072034836,-0.006466361228376627
59.9,0.0,,0.91288161277771,0.7219379934604973,47.527587890625,945.0388220951849,-0.1686331331729889,-3.724393844604492,1.8010225296020508,0.8508377075195312,0.018775971606373787,0.009339818730950356,-0.006867462303489447,-2.0934829711914062,1.3576312065124512,0.6773731708526611,0.13507461547851562,0.06378884613513947,0.2426563799381256,-3.724393844604492,1.8010225296020508,0.8508377075195312,0.018775971606373787,0.009339818730950356,-0.006867462303489447
60.0,0.0,,0.9135761260986328,0.7229044627727927,42.668678283691406,945.3070641722101,-0.16496866941452026,-4.377439498901367,1.9101572036743164,1.0539321899414062,0.020384451374411583,0.01097145490348339,-0.007172597572207451,-2.7668604850769043,1.49686861038208,0.8838576078414917,0.0846487432718277,0.0654485896229744,0.2591685354709625,-4.377439498901367,1.9101572036743164,1.0539321899414062,0.020384451374411583,0.01097145490348339,-0.007172597572207451
